Compound,Bandgap,Oxidation,Reduction
Ag2S,0.9,0.503,-0.0663
Ag2Se,0.15,1.39,-0.312
Ag2Te,0.17,1.38,-0.739
AgBr,2.89,2.16162,0.0732754
AgCl,3.28,2.29532,0.2222314
CuCl,3.4,1.69,0.118
PbSe,0.27,0.764,-0.609
TiO2,3,1.75,-0.825
AlAs,2.2,-1.11,0.644
AlN,6,-0.526,-0.9
AlPb,2.8,-0.943,-0.622
BN,6,-0.0585,-0.697
CdS,2.58,0.353,-0.667
CdSe,1.85,0.779,-0.831
CdTe,1.61,0.507,-0.993
Cu2O,2.1,0.643,0.443
Cu2S,1.2,0.89,-0.302
CuO,1.2,-0.0454,0.543
GaN,3.4,-0.0624,-0.355
GaSb,0.73,-0.375,-0.645
In2S3,1.98,0.493,-0.568
InAs,0.41,-0.0344,-0.423
InP,1.42,0.0464,-0.312
InSb,0.23,-0.131,-0.599
MgO,7.8,0.178,-1.73
PbO,2.7,1.068,0.237
PbS,0.37,0.29,-0.367
PbTe,0.32,0.597,-0.876
SnO2,3.5,1.56,-0.121
SnS,1,0.419,-0.365
ZnO,3.37,0.484,-0.446
ZnS,3.84,0.347,-0.899
ZnSe,2.83,0.399,-0.927
ZnTe,2.39,0.288,-1.25
